model,inference_ms
SVM-RBF,0.2833035999792628
LogReg,0.4170855000265874
XGBoost,0.6408211999805644
LightGBM,1.381898200022988
HGB,9.997168899979442
RandomForest,57.914092100050766
