model,size_kb
LogReg,1.9345703125
SVM-RBF,33.5302734375
XGBoost,311.744140625
LightGBM,411.0126953125
HGB,430.2802734375
RandomForest,1305.037109375
