TE0,TE1,TL0,TL1,TimeSyncsReceived,EmotiBitStartTime, EmotiBitEndTime, DataParserVersion
183957.000000,895112.000000,1776789181.073057,1776789892.249070,155,179537,976539,1.12.2